A0M7X9,7.23
AOQPZY,7.77
AQ2KRZ,6.24
B41AZV,7.31
B6HDUH,7.33
B6U1SK,5.42
BJETAT,3.43
BN3YXV,7.32
C61VPK,7.02
CA5IED,5.78
CQPNSU,2.44
D236SW,6.58
DED72W,4.76
DLGL78,7.35
DYX7YF,7.47
EJN07I,4.22
ESO59M,5.61
EVSFVY,2.85
F9LJNN,6.63
FCWC8L,4.08
FLU2DY,7.93
FUM0H9,6.88
FXEV7B,7.37
GALKFG,3.32
GKJ1XT,7.60
GTTQP6,8.36
GVGGBI,7.86
H0R3OJ,8.24
H1D3J9,2.84
H54CAC,8.16
HB85IO,4.24
HDXA70,2.44
HKD4A0,6.43
HKT2CZ,8.91
HS8KL3,7.68
HU64QX,6.62
HUPYG4,6.25
I6VGT2,6.42
IFQU1G,5.91
IMSN0C,5.65
IQWP31,5.68
IRVPZQ,4.32
IS3SO9,7.36
IUK2YC,5.92
IWOLPC,8.16
IYRAZN,7.78
JBRCGH,7.12
JFZ3ei,6.89
JLUX68,6.89
JR0WOW,2.74
LG5B5M,6.74
LTTVW,6.55
MP6D2I,4.56
N6CPQI,7.05
O744N4,5.35
O7I0FO,8.31
OJ97KP,7.63
OOXI0Q,6.99
Q01GUG,7.21
R31Q8Z,6.21
SWDJBX,6.22
T0KIOY,6.75
T1JVD2,5.49
TH3O3I,7.54
TNCKDA,7.02
TORKDO,7.51
TP2G9Z,7.68
US1ZKV,7.45
VOXBRN,5.59
VYA9VN,6.61
W4XE2Y,5.47
W7A2TP,5.15
WQ56QA,7.94
WVVQ23,3.54
X8FIBR,6.91
XRX7E0,7.57
Y6R6HO,6.72
YWLRGA,6.99
YYUK2G,7.14
Z06YFQ,5.33
Z5EJ3G,5.72
ZAVN1R,4.61
ZL1OGY,6.65
ZLZGGO,4.80
ZQNGD7,9.13
ZTPNZR,6.74
ZYYM6V,6.73

